depth,pixel_1,pixel_2,pixel_3,pixel_4,pixel_5,pixel_6,pixel_7,pixel_8,pixel_9,pixel_10,pixel_11,pixel_12,pixel_13,pixel_14,pixel_15,pixel_16,pixel_17,pixel_18,pixel_19,pixel_20,pixel_21,pixel_22,pixel_23,pixel_24,pixel_25,pixel_26,pixel_27,pixel_28,pixel_29,pixel_30,pixel_31,pixel_32,pixel_33,pixel_34,pixel_35,pixel_36,pixel_37,pixel_38,pixel_39,pixel_40,pixel_41,pixel_42,pixel_43,pixel_44,pixel_45,pixel_46,pixel_47,pixel_48,pixel_49,pixel_50,pixel_51,pixel_52,pixel_53,pixel_54,pixel_55,pixel_56,pixel_57,pixel_58,pixel_59,pixel_60,pixel_61,pixel_62,pixel_63,pixel_64,pixel_65,pixel_66,pixel_67,pixel_68,pixel_69,pixel_70,pixel_71,pixel_72,pixel_73,pixel_74,pixel_75,pixel_76,pixel_77,pixel_78,pixel_79,pixel_80,pixel_81,pixel_82,pixel_83,pixel_84,pixel_85,pixel_86,pixel_87,pixel_88,pixel_89,pixel_90,pixel_91,pixel_92,pixel_93,pixel_94,pixel_95,pixel_96,pixel_97,pixel_98,pixel_99,pixel_100,pixel_101,pixel_102,pixel_103,pixel_104,pixel_105,pixel_106,pixel_107,pixel_108,pixel_109,pixel_110,pixel_111,pixel_112,pixel_113,pixel_114,pixel_115,pixel_116,pixel_117,pixel_118,pixel_119,pixel_120,pixel_121,pixel_122,pixel_123,pixel_124,pixel_125,pixel_126,pixel_127,pixel_128,pixel_129,pixel_130,pixel_131,pixel_132,pixel_133,pixel_134,pixel_135,pixel_136,pixel_137,pixel_138,pixel_139,pixel_140,pixel_141,pixel_142,pixel_143,pixel_144,pixel_145,pixel_146,pixel_147,pixel_148,pixel_149,pixel_150,pixel_151,pixel_152,pixel_153,pixel_154,pixel_155,pixel_156,pixel_157,pixel_158,pixel_159,pixel_160,pixel_161,pixel_162,pixel_163,pixel_164,pixel_165,pixel_166,pixel_167,pixel_168,pixel_169,pixel_170,pixel_171,pixel_172,pixel_173,pixel_174,pixel_175,pixel_176,pixel_177,pixel_178,pixel_179,pixel_180,pixel_181,pixel_182,pixel_183,pixel_184,pixel_185,pixel_186,pixel_187,pixel_188,pixel_189,pixel_190,pixel_191,pixel_192,pixel_193,pixel_194,pixel_195,pixel_196,pixel_197,pixel_198,pixel_199,pixel_200
1.0,196,77,193,12,195,168,73,22,118,7,97,212,9,141,94,189,5,22,64,197,115,145,36,142,163,1,202,155,122,142,218,232,73,125,0,136,129,169,95,185,143,140,199,228,177,137,226,173,60,243,94,156,98,15,59,163,242,151,106,161,170,130,198,82,165,102,201,153,214,140,82,194,158,103,76,224,80,214,136,77,78,156,178,172,105,107,249,7,154,203,196,191,219,245,132,160,216,16,73,75,37,57,28,72,58,233,79,144,51,134,167,221,96,119,196,142,141,206,250,100,111,18,243,70,18,21,240,245,6,47,15,227,126,151,128,132,186,221,107,58,255,232,174,218,217,101,209,27,189,95,224,202,2,143,83,8,235,223,56,204,106,177,226,192,171,204,182,96,176,129,176,194,90,30,229,131,62,155,54,212,5,6,37,226,54,172,112,174,211,173,142,254,222,108,9,213,59,255,249,137
11.090909090909092,127,164,183,118,148,26,176,18,57,29,25,68,242,109,248,138,23,101,0,26,162,174,175,219,234,65,218,146,175,6,57,196,173,142,147,209,0,46,109,25,137,53,20,28,222,107,11,106,49,148,250,220,100,124,144,175,251,104,219,25,156,6,171,65,71,96,230,108,129,178,107,138,211,77,198,137,26,0,118,105,15,69,153,208,251,194,72,215,209,127,76,121,118,102,37,255,193,86,127,22,68,98,114,191,10,88,144,169,120,203,182,92,75,191,105,118,193,137,50,219,169,129,129,217,253,86,144,71,197,74,196,234,255,241,152,165,234,218,54,89,97,38,84,76,214,182,191,154,79,2,103,34,61,156,17,213,213,245,93,111,38,163,1,164,85,26,239,101,134,187,93,66,147,58,76,110,194,152,201,251,60,248,224,138,28,133,188,154,185,215,226,165,170,31,66,235,79,206,236,241
21.181818181818183,93,67,248,108,99,40,154,138,35,192,144,98,31,220,54,64,104,17,218,225,196,114,9,215,68,73,11,58,83,15,34,13,106,42,173,52,114,231,208,139,232,110,18,28,59,54,82,37,74,71,242,190,108,42,176,129,26,251,228,63,96,45,221,19,6,143,250,140,4,192,96,201,12,189,117,14,78,228,228,93,53,221,159,178,115,107,247,210,118,108,220,107,227,65,120,182,57,157,34,29,203,227,114,59,88,148,135,40,164,86,69,171,60,86,163,252,148,202,154,43,240,15,200,4,70,156,209,131,208,242,66,165,2,30,227,224,150,106,79,62,188,110,14,40,183,103,92,120,65,121,31,6,214,35,176,112,109,56,6,251,35,101,121,134,29,48,215,112,23,60,197,222,244,149,205,147,153,67,175,243,80,134,235,166,15,111,48,237,100,16,8,226,226,57,241,127,107,69,0,100
31.272727272727273,37,139,254,74,181,42,182,212,123,140,54,219,95,173,209,51,152,170,111,118,183,6,43,77,188,37,80,164,177,15,89,66,95,82,3,104,179,155,163,175,56,80,217,192,109,165,28,166,158,237,49,180,67,195,218,58,177,203,115,211,40,191,52,188,123,77,89,63,42,25,199,44,105,216,240,228,123,140,112,155,70,246,146,174,156,191,150,189,123,29,110,146,192,250,69,150,121,229,144,13,116,241,207,49,14,35,151,34,247,218,49,87,131,238,87,48,201,206,135,252,104,114,90,23,69,81,143,45,78,223,124,139,227,142,183,131,111,227,248,186,134,74,227,238,32,215,122,183,116,58,28,15,137,216,4,245,15,205,157,96,185,135,60,113,199,220,46,156,161,245,225,141,145,166,165,42,17,174,11,26,231,27,63,41,176,248,51,174,121,15,142,58,1,104,91,46,227,131,151,206
41.36363636363637,229,153,128,19,117,214,58,133,123,227,131,148,21,90,187,241,148,202,254,231,3,96,58,190,159,117,239,87,93,239,178,18,36,162,120,155,161,240,241,135,79,225,153,114,71,108,75,113,36,65,164,242,186,19,1,164,109,187,131,6,216,42,72,155,50,110,232,56,133,35,160,58,159,59,132,99,50,17,95,240,161,181,72,185,161,17,110,243,207,133,230,59,172,4,179,123,236,27,132,105,215,163,197,84,130,3,200,120,153,118,206,231,245,10,254,92,161,220,74,244,194,99,82,214,136,15,49,235,248,67,155,147,205,108,12,133,120,174,200,58,118,120,217,96,6,125,128,106,156,161,225,238,167,164,113,63,107,79,189,134,28,220,242,44,49,75,130,105,242,97,122,145,54,107,122,0,124,20,159,82,73,85,69,237,222,161,53,232,220,75,234,119,69,130,115,137,136,90,179,198
51.45454545454546,68,116,25,122,159,82,87,24,123,110,179,130,89,13,28,112,84,134,103,235,27,81,138,97,148,105,182,13,196,103,122,35,177,228,192,155,227,77,140,136,34,83,89,122,178,47,20,101,206,187,140,148,97,68,99,82,62,192,1,182,108,142,233,15,250,1,199,7,39,36,247,88,216,85,221,221,121,226,220,18,15,107,181,248,155,243,94,12,101,115,187,157,70,59,249,83,158,185,138,161,67,119,11,147,76,209,153,6,208,28,53,251,111,77,123,238,236,107,81,16,130,130,224,80,152,11,146,235,94,239,255,200,114,142,173,252,114,152,120,16,8,168,165,226,30,248,247,56,120,255,58,74,243,161,254,111,61,19,50,102,231,206,238,62,126,8,194,43,255,229,244,67,124,3,161,250,241,229,234,175,23,225,91,87,158,185,41,71,72,212,247,211,147,243,87,239,125,157,43,46
61.54545454545455,154,138,255,50,167,137,221,177,189,46,229,62,242,73,35,78,99,114,194,192,173,30,237,42,104,175,126,131,106,44,27,65,117,249,106,106,32,146,171,203,213,6,54,133,7,142,9,234,7,52,249,45,47,35,48,223,186,80,4,128,89,252,27,158,34,20,245,12,248,195,232,236,92,139,2,239,205,93,40,177,158,246,176,52,119,7,254,150,100,98,85,8,18,210,21,194,93,104,250,245,60,234,115,8,205,124,30,245,179,104,131,32,48,50,78,125,186,86,0,230,29,167,102,222,180,26,72,57,34,2,141,82,252,108,78,65,6,66,115,55,22,164,225,138,204,125,153,9,159,120,202,109,255,181,140,46,64,210,29,78,177,116,66,230,116,86,230,77,125,37,253,61,79,192,44,131,141,15,20,141,252,251,86,213,79,245,114,174,172,229,46,23,229,219,154,44,92,70,32,9
71.63636363636364,99,12,205,220,32,139,21,75,7,231,203,252,142,236,119,164,148,183,27,123,39,44,182,230,163,241,74,128,62,229,19,36,0,178,199,15,223,230,204,167,161,70,16,201,197,184,174,113,243,253,17,215,128,6,159,75,185,187,159,245,161,100,77,68,212,1,247,74,43,8,50,150,138,211,200,18,65,15,176,166,64,122,147,250,49,161,185,167,157,147,121,249,239,26,78,97,89,157,175,199,191,64,156,163,88,60,149,144,18,158,117,33,224,86,4,217,79,228,115,38,212,85,138,159,86,198,0,27,27,236,76,187,97,60,64,32,141,105,45,2,83,74,117,237,160,93,26,11,212,177,146,9,47,150,179,173,161,24,55,238,79,12,125,74,64,148,112,147,201,155,30,170,72,16,225,2,240,252,251,100,126,125,148,214,206,183,108,255,30,62,19,48,10,64,100,179,138,172,160,182
81.72727272727273,183,238,108,10,156,222,45,219,106,138,185,136,187,70,81,6,122,38,13,133,149,149,189,45,36,174,28,154,247,63,18,199,15,65,58,70,113,155,21,162,25,153,145,189,188,50,196,11,184,23,153,228,99,226,83,117,102,24,17,221,102,15,35,122,80,10,96,14,255,134,63,129,5,154,26,163,8,128,174,195,202,66,49,74,201,9,40,4,101,18,238,226,232,87,253,253,93,15,3,51,171,55,209,235,191,158,118,46,151,238,175,196,204,146,237,214,248,82,193,254,218,127,94,84,213,74,193,107,240,141,65,74,166,5,205,24,45,139,210,121,247,144,129,79,118,193,236,174,78,20,197,81,172,81,134,2,231,9,3,51,166,223,187,47,233,133,120,69,63,254,81,222,186,8,154,86,45,160,49,138,109,237,114,225,0,76,170,186,146,176,98,102,74,214,88,202,235,137,99,161
91.81818181818183,181,5,79,204,76,119,233,218,181,98,184,99,30,103,22,33,2,227,156,94,163,144,97,240,200,215,168,3,103,94,176,7,18,141,198,50,8,25,183,222,123,202,9,91,242,196,150,72,168,194,51,226,59,48,111,14,227,41,0,205,135,203,19,219,192,4,8,3,156,56,240,106,33,137,44,206,189,154,249,18,223,184,86,50,178,88,238,234,13,128,11,46,186,174,164,66,216,129,245,208,65,132,65,132,128,161,44,137,126,107,111,33,41,90,252,165,89,143,219,207,133,14,207,145,103,112,190,233,174,130,229,155,249,70,238,247,104,244,3,72,140,213,192,34,133,172,28,154,8,154,23,103,176,95,148,85,187,201,72,32,228,110,193,220,18,162,105,65,25,112,170,208,196,45,217,91,36,242,26,140,12,147,8,252,185,165,236,86,138,2,59,85,195,5,155,55,10,233,200,198
101.90909090909092,201,52,187,100,189,36,86,24,192,155,127,132,153,8,186,130,161,159,171,113,5,206,4,128,168,174,155,16,166,46,27,195,253,201,198,169,167,217,175,75,4,121,125,87,151,141,156,53,254,124,219,62,92,24,205,175,162,104,113,14,204,222,64,211,150,87,75,44,122,55,22,56,14,57,144,28,59,243,104,202,14,88,168,15,99,194,9,145,24,10,105,171,119,45,234,96,97,189,228,155,135,74,160,113,53,90,40,159,158,118,217,222,39,254,5,178,227,36,28,49,31,230,49,201,228,159,66,232,19,141,162,109,193,121,55,176,188,105,101,119,187,165,101,164,118,131,250,221,189,198,138,17,211,70,50,226,196,43,149,142,219,244,9,1,68,69,188,151,173,200,85,169,227,0,198,222,52,92,130,211,104,230,251,95,139,14,103,143,135,62,232,183,132,202,221,52,244,69,134,37
112.00000000000001,253,186,215,105,155,81,204,44,118,149,36,214,191,181,175,10,234,41,34,242,217,172,148,209,3,97,187,217,186,91,210,77,108,114,194,215,57,107,133,24,52,119,144,28,22,84,61,234,28,29,110,67,136,99,144,83,155,244,199,187,14,225,43,253,85,126,233,185,87,193,137,228,136,42,25,22,9,161,16,149,254,209,76,218,189,216,137,36,102,18,140,73,189,219,202,39,36,138,219,111,17,216,9,250,191,43,37,220,192,230,106,88,175,128,20,170,8,96,246,19,190,225,161,80,208,109,226,51,39,14,84,170,32,199,225,118,126,160,114,168,142,193,236,185,250,145,190,178,94,85,205,61,12,70,179,13,65,124,96,177,174,77,149,221,208,30,154,78,168,246,52,119,51,109,134,24,165,224,3,223,93,178,50,214,121,203,221,129,44,241,45,98,129,120,16,134,22,21,25,170
122.0909090909091,42,234,44,230,54,28,37,245,102,83,19,6,182,60,92,40,195,129,106,87,227,54,162,8,227,130,40,33,71,209,205,89,78,130,6,40,253,134,170,155,213,236,126,108,99,184,204,64,46,138,181,38,168,135,100,167,154,119,124,98,39,129,128,122,0,208,214,81,16,209,134,144,100,216,237,3,123,64,215,223,102,47,12,234,231,100,1,7,58,144,126,175,97,51,180,57,229,114,9,236,247,230,227,56,99,208,60,161,240,64,155,4,84,33,230,91,200,14,243,175,111,253,147,220,20,109,74,56,146,226,71,158,155,85,188,101,166,250,100,101,202,7,136,161,34,1,165,37,143,115,56,39,213,250,195,199,139,154,145,168,190,113,18,166,115,244,88,42,67,125,8,215,50,17,82,182,138,85,30,68,25,95,132,105,152,236,177,204,180,174,255,155,176,121,208,48,70,251,205,218
132.1818181818182,214,36,152,6,210,243,118,238,157,109,25,143,174,195,16,195,86,15,100,34,140,228,24,18,57,158,59,186,127,64,28,191,33,180,125,36,234,32,198,9,36,18,102,79,208,186,114,77,67,154,120,122,97,124,225,222,149,39,179,23,98,85,151,67,128,220,181,207,123,76,117,146,218,213,124,245,161,36,96,77,83,83,107,114,185,142,35,6,94,17,182,24,156,35,1,211,173,20,200,7,32,92,103,155,122,219,146,195,11,215,207,90,189,161,111,184,135,21,235,91,15,133,61,254,117,19,169,188,242,185,15,50,104,124,59,247,111,73,56,26,249,59,172,41,189,49,160,50,210,41,157,113,242,101,80,108,32,150,200,56,191,39,8,228,214,200,46,112,50,208,69,178,210,234,120,27,207,144,121,129,224,248,53,175,164,166,51,181,180,7,152,17,142,185,143,88,210,48,185,95
142.27272727272728,130,49,9,154,157,28,3,233,30,231,149,150,63,82,159,229,140,67,74,196,19,100,179,93,42,28,254,155,116,195,191,174,58,152,90,80,135,227,207,109,155,42,248,109,16,145,23,137,217,2,105,203,51,62,30,89,220,57,88,222,247,198,38,218,206,143,140,159,52,58,6,196,63,96,214,16,211,19,24,228,63,173,143,90,64,50,116,167,181,179,153,113,184,148,54,78,120,73,194,224,131,248,27,130,210,7,192,18,202,107,32,36,231,227,243,27,178,85,153,104,62,41,5,254,61,94,55,62,128,158,164,85,164,86,23,96,95,6,181,4,240,14,135,22,199,94,100,119,210,131,68,255,20,75,54,83,17,11,156,70,235,232,236,60,110,171,30,139,157,132,101,177,213,137,190,123,185,234,171,10,157,32,87,222,158,217,57,106,118,73,211,165,157,18,54,135,36,204,67,165
152.36363636363637,99,150,203,135,32,35,249,66,77,101,119,59,108,162,206,220,158,187,147,240,170,173,93,128,36,115,12,63,7,210,79,23,77,0,35,80,211,44,31,34,83,33,181,217,78,48,64,162,156,201,29,133,151,139,8,226,181,165,243,5,136,44,120,167,64,1,245,39,203,112,115,56,94,33,110,231,142,157,129,70,209,129,3,62,187,201,41,254,24,49,147,240,230,254,79,61,140,24,0,33,94,246,87,107,187,170,23,146,250,83,119,171,191,55,88,251,104,155,253,86,156,14,75,65,167,200,211,244,77,86,74,218,157,9,121,129,12,45,224,48,206,91,237,179,99,22,127,148,181,121,128,19,117,185,186,22,168,83,112,112,30,200,242,90,36,0,204,48,253,20,45,1,93,209,56,166,153,130,112,173,211,119,138,178,95,160,232,122,171,23,204,167,39,196,36,188,147,79,26,117
162.45454545454547,19,101,243,154,183,248,244,200,128,189,89,49,48,74,181,68,104,96,116,93,216,180,129,3,14,179,64,44,169,223,125,158,232,173,160,133,100,15,175,106,14,117,247,81,52,139,214,227,184,183,215,20,122,0,26,97,124,168,117,56,10,240,14,197,33,73,172,138,201,89,108,251,36,136,22,200,59,110,96,191,181,173,229,208,225,251,71,126,79,62,10,151,225,169,115,208,239,235,87,20,165,85,8,150,217,167,61,132,37,241,183,54,253,19,68,151,148,153,99,167,3,46,150,97,58,125,94,116,210,233,141,218,129,226,202,208,162,146,91,176,15,38,178,40,211,0,215,49,95,5,167,206,73,236,64,214,50,154,25,3,14,152,228,169,0,63,62,38,20,217,199,51,3,208,45,247,58,121,155,100,13,13,11,234,241,94,167,236,79,14,163,45,150,172,125,167,213,200,119,232
172.54545454545456,66,189,47,159,202,206,217,69,195,131,109,96,179,145,131,64,41,243,168,115,28,54,236,228,141,109,22,113,38,113,59,110,114,241,45,233,171,142,22,3,20,145,225,113,205,21,93,101,29,35,61,13,197,232,223,214,17,209,14,46,53,65,143,237,34,186,243,226,125,182,156,8,218,191,24,105,104,70,55,195,153,161,239,36,242,40,217,27,100,252,193,97,251,129,140,209,161,137,27,66,222,0,67,28,238,230,155,158,39,255,184,227,210,103,23,103,55,165,90,192,49,226,91,83,217,114,1,242,84,87,79,184,16,245,113,154,43,200,190,83,116,254,167,16,118,83,167,78,164,215,195,113,160,43,96,8,203,27,57,183,168,37,19,158,52,193,21,156,91,70,70,11,31,82,118,166,104,214,6,240,224,29,15,65,179,193,224,187,184,77,90,126,17,48,176,105,129,29,178,137
182.63636363636365,103,106,217,110,72,93,236,246,102,54,167,158,19,127,147,138,164,117,42,35,198,139,159,157,210,101,176,152,19,188,95,157,3,230,253,225,163,249,164,212,254,63,114,199,15,106,150,232,56,132,11,161,95,109,1,166,86,53,82,135,83,13,217,51,52,139,104,250,186,253,51,118,21,157,92,112,137,50,199,57,225,131,106,118,155,4,116,218,217,4,132,99,148,17,211,219,105,229,61,239,110,254,18,47,161,58,22,134,207,235,74,138,84,30,20,159,105,225,114,228,251,2,204,67,133,207,133,146,132,10,204,221,27,45,20,105,70,239,81,241,87,48,155,152,195,163,155,37,64,221,227,133,171,244,242,67,177,180,15,229,171,189,95,21,82,156,122,225,132,91,108,65,135,44,241,127,46,216,153,247,255,7,101,39,175,112,191,31,132,200,203,52,124,153,34,0,127,68,218,31
192.72727272727275,222,83,200,143,129,190,156,127,44,149,128,26,203,181,71,42,207,248,106,137,215,18,79,58,225,232,148,84,243,70,18,249,119,246,38,30,14,162,73,70,159,249,36,87,166,10,41,89,165,204,56,187,94,106,101,88,26,232,235,68,162,145,56,181,136,74,14,92,21,139,180,33,143,254,143,111,113,88,198,144,93,83,68,201,228,169,200,242,205,65,177,241,198,44,205,33,182,155,205,126,0,55,186,80,11,170,215,255,16,164,0,168,205,100,248,28,139,251,251,99,197,78,6,188,224,100,69,192,249,34,225,227,121,23,184,155,243,63,145,113,26,48,191,71,165,92,89,76,187,186,73,127,179,203,227,137,54,6,64,181,26,189,171,46,81,144,115,143,106,11,175,13,50,81,58,235,213,118,121,172,243,95,58,140,216,89,203,83,9,26,10,147,233,1,233,159,43,146,82,179
202.81818181818184,70,23,17,96,234,103,214,252,152,179,37,217,109,68,207,233,181,23,198,220,122,214,15,35,11,1,222,164,104,184,116,144,30,106,147,188,133,20,89,110,73,181,17,98,186,224,109,54,228,98,69,169,135,122,142,243,237,86,163,47,134,0,8,0,219,193,118,116,44,141,103,87,96,39,205,5,116,117,124,24,13,150,93,76,59,75,136,78,4,215,51,146,184,36,128,217,198,54,140,164,181,25,144,179,77,214,232,234,182,158,228,233,14,137,29,18,48,80,188,210,34,200,211,125,79,239,209,206,41,199,79,83,87,96,123,101,230,110,62,145,5,251,178,43,110,5,162,159,115,238,181,148,44,51,4,236,12,31,63,170,232,248,35,36,224,193,102,144,36,236,243,193,250,211,197,168,68,75,214,253,241,39,215,127,89,68,90,58,8,210,236,168,29,252,58,129,30,178,180,44
212.90909090909093,49,164,254,171,128,34,243,78,181,24,255,200,48,179,218,71,21,138,122,18,35,239,14,54,234,72,67,227,104,147,59,54,241,130,116,207,66,253,218,99,100,223,222,65,101,251,245,150,64,127,81,238,202,122,193,134,220,224,142,105,126,80,212,15,52,134,242,49,250,162,175,1,239,10,71,103,7,2,102,161,39,211,93,21,248,219,102,79,190,144,88,152,156,221,140,252,223,144,1,209,179,59,194,181,30,228,129,23,56,211,201,9,22,133,92,237,189,115,255,61,239,144,206,29,37,161,205,253,160,155,1,26,89,82,223,109,240,12,237,8,253,121,22,64,86,32,132,160,144,151,137,195,138,88,70,193,206,51,147,121,87,84,189,100,119,164,56,124,26,86,197,162,119,193,112,39,73,146,40,110,99,98,73,182,79,40,219,220,150,13,247,155,90,7,189,167,69,75,232,27
223.00000000000003,170,210,142,14,115,204,138,187,209,75,36,60,126,132,46,171,140,120,147,59,39,245,152,202,204,26,193,11,104,140,219,139,232,215,253,214,80,227,7,214,204,51,238,105,211,12,77,59,71,239,100,96,139,90,182,29,104,253,40,203,76,45,255,103,221,174,157,46,124,96,170,236,244,48,103,65,192,55,80,78,27,125,148,54,255,129,91,54,167,35,159,238,134,130,254,161,138,248,105,38,204,190,117,248,132,10,85,71,141,172,105,234,101,239,79,169,163,171,42,75,154,100,253,250,62,85,103,140,82,232,115,238,226,98,224,167,146,24,108,57,243,88,225,221,184,76,238,44,119,172,62,143,83,97,28,162,81,5,9,64,190,12,29,69,58,95,98,138,189,130,190,224,97,225,48,47,69,37,217,109,73,107,159,181,243,64,146,45,43,136,222,2,24,213,253,178,222,119,138,235
233.09090909090912,218,218,52,223,137,5,59,118,156,141,72,164,50,42,192,200,250,13,146,169,233,199,210,253,80,128,102,131,44,26,19,75,135,216,227,214,40,13,131,221,8,111,177,176,59,190,233,178,192,177,194,138,32,182,86,227,78,149,230,226,97,226,187,67,146,242,130,75,183,111,47,96,213,2,4,119,87,42,73,180,193,196,195,108,82,234,30,163,205,238,45,190,171,237,54,48,62,247,67,143,138,218,93,193,4,128,38,207,93,179,245,145,200,166,145,203,122,45,167,249,113,30,84,24,210,244,69,200,25,92,147,127,245,110,86,80,99,18,98,62,126,35,217,60,249,21,100,177,215,67,122,184,170,13,248,150,212,164,43,23,172,128,239,23,199,154,254,125,36,185,188,91,88,32,44,95,52,43,19,198,110,53,142,149,0,170,106,211,148,115,49,87,117,75,70,149,71,37,238,70
243.1818181818182,214,162,8,191,153,227,221,99,194,24,192,137,65,169,211,71,241,8,55,144,89,182,32,180,210,206,173,153,235,179,173,96,79,96,215,129,210,124,246,146,75,154,39,74,115,145,79,152,173,42,240,10,29,166,245,116,29,211,58,199,138,143,180,179,3,118,208,235,218,91,150,53,226,185,33,61,178,87,248,105,105,34,153,40,229,83,68,74,154,168,159,12,128,150,71,48,154,80,97,246,20,184,8,130,195,66,201,38,151,46,122,138,223,4,249,37,185,158,183,134,96,67,193,196,205,220,52,78,221,84,125,87,174,20,217,155,201,171,193,212,105,149,195,42,250,87,236,40,224,244,165,19,30,227,155,119,248,78,17,35,167,116,45,176,39,93,179,239,7,168,197,186,169,131,130,143,131,98,150,46,253,97,3,128,95,183,62,165,207,172,53,69,137,247,17,7,242,96,225,91
253.27272727272728,91,40,248,167,174,109,151,21,127,106,62,233,152,91,89,159,101,210,192,180,58,114,242,236,232,163,131,4,140,0,159,178,162,225,18,28,20,187,222,88,130,154,22,225,142,158,19,180,115,134,106,78,122,113,198,70,199,235,171,182,116,175,61,211,152,12,209,66,159,202,40,216,188,192,49,135,144,119,118,101,228,112,178,91,52,165,122,64,184,184,106,166,146,189,109,161,3,188,134,140,182,162,150,179,180,211,177,50,2,95,203,119,109,94,172,238,196,136,227,47,153,236,105,205,82,59,187,13,30,219,43,143,235,111,39,159,213,115,219,113,178,89,208,232,133,183,238,85,3,120,208,142,18,49,205,198,71,118,43,213,243,75,84,215,12,211,129,104,29,198,105,20,197,211,6,76,17,85,123,205,59,110,22,231,235,127,199,173,144,86,187,59,49,110,131,153,178,111,16,231
263.3636363636364,168,196,236,191,27,113,132,85,190,142,219,150,72,108,173,37,144,148,163,172,74,160,14,1,88,166,122,176,241,39,57,104,212,146,101,164,227,199,211,166,204,220,135,47,178,74,187,51,254,254,22,4,242,84,194,120,8,193,175,55,112,127,252,224,250,230,135,176,182,157,81,49,187,178,148,197,126,255,157,202,82,169,165,43,59,4,178,217,223,139,21,138,124,210,82,253,188,22,152,76,185,177,122,152,210,104,245,94,10,178,125,224,164,152,177,114,97,47,97,171,11,25,73,14,61,198,238,39,76,175,71,131,24,51,195,94,216,212,18,1,236,190,32,92,30,19,106,36,199,151,133,108,39,225,45,14,191,103,36,91,12,151,59,75,75,198,89,193,97,244,115,203,66,223,28,120,193,199,219,181,228,254,112,100,81,91,164,194,70,138,106,47,26,83,47,69,33,192,187,107
273.4545454545455,168,151,174,94,94,188,47,68,80,156,159,6,170,81,115,228,253,78,12,36,204,197,44,234,127,8,70,250,21,210,211,208,193,51,14,189,182,8,119,198,190,17,189,237,126,87,132,217,161,158,25,74,87,218,131,141,13,5,202,111,108,181,50,136,180,125,177,150,51,217,160,160,93,56,188,158,34,206,58,71,255,65,243,54,157,167,199,253,198,36,71,11,127,110,185,114,170,234,16,49,67,104,226,54,42,57,208,182,106,130,164,7,27,244,242,126,202,86,222,142,235,68,171,181,227,15,5,131,134,127,3,236,238,156,180,101,253,14,219,41,173,6,55,192,51,252,197,115,107,119,218,233,191,14,12,244,106,227,103,182,51,223,100,36,74,0,213,7,223,182,140,226,70,62,145,22,160,173,172,6,191,48,115,95,67,69,33,235,244,71,143,206,30,190,189,3,119,186,4,1
283.54545454545456,229,99,15,48,7,113,110,122,151,153,87,152,12,47,158,25,192,240,101,10,150,52,77,22,205,107,80,47,148,112,36,214,30,81,231,81,44,21,243,127,164,104,29,20,252,154,96,234,240,139,76,15,172,86,227,58,125,205,246,153,189,27,46,115,173,213,45,101,1,213,88,15,60,27,142,9,38,91,242,35,17,118,44,249,171,214,200,178,118,226,190,20,66,219,142,209,34,172,222,177,222,32,76,49,98,49,146,226,182,179,232,144,244,179,222,29,50,63,216,1,241,53,160,105,14,38,119,168,214,62,147,179,171,8,237,1,193,89,93,236,66,223,213,180,29,154,121,114,142,92,10,98,6,129,158,42,75,231,250,83,176,101,107,107,74,41,54,39,184,114,134,62,233,210,0,0,110,242,240,249,214,211,107,19,133,165,178,138,150,8,219,241,173,98,154,135,208,104,63,141
293.6363636363637,165,237,218,70,94,183,120,140,225,108,222,229,175,250,228,230,6,92,2,140,22,177,242,49,167,218,167,246,188,118,208,43,114,176,130,249,188,234,203,100,69,57,59,59,192,218,42,28,107,116,167,205,113,255,219,213,68,107,25,203,78,133,159,171,226,164,124,143,30,173,97,230,70,147,117,82,149,210,27,13,177,193,213,143,212,49,9,39,156,226,151,152,183,78,184,20,223,201,217,158,201,195,58,12,185,94,47,89,185,137,186,141,78,33,204,137,251,3,105,71,38,224,76,208,169,75,91,96,15,38,241,239,111,47,171,216,53,214,135,203,65,104,219,211,102,52,174,204,17,169,255,219,44,175,104,43,94,237,143,7,189,72,108,67,134,50,107,38,68,243,185,140,177,224,91,171,51,161,88,28,137,165,197,118,252,45,151,25,244,175,207,175,218,156,57,83,235,69,91,219
303.72727272727275,102,99,101,79,98,245,127,237,187,158,225,186,244,105,241,43,233,6,139,151,237,209,218,106,198,48,141,101,83,172,254,84,231,192,199,195,117,106,72,71,51,117,47,248,194,221,167,133,219,49,136,167,84,119,70,133,11,206,177,130,207,117,16,11,25,30,140,124,119,61,109,34,11,254,130,150,145,247,26,207,121,176,221,154,85,13,18,125,197,216,144,170,239,125,12,98,216,195,20,244,100,188,185,223,50,214,172,126,159,90,212,1,136,132,126,50,159,218,147,51,229,71,251,100,120,160,90,2,130,202,11,218,242,62,24,139,212,14,41,160,210,2,128,47,202,63,73,123,163,162,238,70,162,13,22,54,234,116,66,71,56,123,196,127,110,105,45,225,247,118,53,38,155,70,109,111,134,113,135,68,31,170,174,9,34,143,89,43,161,177,44,107,196,199,243,50,5,36,141,193
313.81818181818187,180,228,49,241,62,31,111,168,111,7,216,41,62,24,62,150,126,220,249,130,206,177,218,168,53,245,180,143,187,23,19,123,231,96,244,26,191,33,44,152,208,122,15,155,219,139,97,165,73,24,223,13,42,220,154,170,29,146,127,36,114,153,155,232,223,26,56,163,14,184,32,180,34,12,68,3,34,228,237,155,138,247,137,30,252,141,249,172,129,55,106,41,96,64,59,192,76,17,107,91,124,98,236,250,218,97,77,42,123,112,216,69,1,235,61,49,44,97,29,218,113,143,41,150,152,27,54,31,98,122,226,60,247,124,86,81,222,82,215,81,255,163,72,228,46,130,72,100,38,125,46,67,116,123,20,46,81,65,109,212,134,221,59,151,212,124,1,68,214,123,74,202,177,253,119,114,88,169,55,54,51,22,202,196,80,25,216,86,77,56,52,60,75,174,52,148,192,167,153,243
323.90909090909093,131,187,236,126,51,248,255,81,103,2,118,181,222,169,215,91,219,191,189,172,63,15,46,230,165,158,94,205,212,236,41,33,121,182,83,88,114,236,43,106,187,227,3,210,35,59,170,112,201,73,240,106,32,189,161,109,12,35,60,14,13,14,207,96,230,160,247,62,208,124,51,131,116,63,221,29,6,114,153,50,6,219,170,31,238,135,160,46,103,147,59,178,30,204,37,158,8,2,74,179,78,18,10,227,49,161,214,50,252,54,254,48,48,40,142,251,103,252,220,111,85,6,218,181,208,79,18,62,234,68,63,188,191,65,151,143,201,24,195,166,149,33,122,106,222,189,81,16,39,42,151,184,104,195,118,177,164,105,14,199,36,5,12,113,137,166,128,227,131,41,220,90,34,220,114,226,3,101,229,150,228,234,205,185,115,20,213,133,60,233,14,194,74,185,172,77,140,38,240,139
334.0,241,71,206,139,25,166,251,10,84,173,194,100,68,0,32,29,221,160,212,26,210,183,173,188,106,1,181,127,76,111,150,87,16,203,92,181,213,255,28,106,111,87,65,113,241,186,62,48,13,61,55,57,73,28,126,67,245,102,208,48,130,136,96,250,45,34,129,106,96,71,68,203,213,115,209,133,201,3,215,115,56,141,204,229,5,156,111,129,102,175,1,153,220,100,141,11,29,120,187,215,216,158,106,173,234,77,1,125,2,254,231,157,121,4,141,124,40,28,118,15,105,73,89,247,243,54,160,83,146,176,42,139,54,14,167,180,31,48,58,213,168,22,245,150,172,222,214,108,113,227,129,86,66,234,61,56,174,237,190,85,96,67,85,157,1,150,231,20,171,221,35,81,222,14,63,252,94,142,97,78,30,2,86,242,192,30,4,203,129,44,176,180,113,32,8,85,173,162,170,176
344.0909090909091,208,180,162,146,22,147,105,203,83,84,207,160,86,188,15,112,53,233,134,26,232,186,239,57,232,238,197,146,56,31,209,106,26,33,205,174,20,226,239,103,228,83,52,175,163,30,168,167,108,93,100,190,99,43,239,26,225,89,147,50,187,217,185,6,175,214,67,127,59,248,19,76,207,179,30,244,69,253,148,102,245,56,146,207,192,55,225,11,227,198,186,214,83,129,132,211,43,12,6,212,247,219,48,182,78,20,141,239,46,216,115,132,115,45,56,224,88,83,130,17,102,77,48,61,171,3,19,57,85,54,5,115,36,217,84,213,64,170,56,234,73,134,241,102,189,128,249,29,186,78,68,118,158,7,223,164,154,53,130,61,135,158,104,136,8,201,190,64,113,174,189,165,59,217,55,218,53,59,145,141,75,159,216,138,237,172,183,80,0,162,249,251,247,204,27,103,62,134,52,188
354.1818181818182,62,41,132,13,136,56,23,87,169,13,252,227,168,191,36,83,64,160,101,137,43,236,40,135,58,230,51,28,131,224,177,34,213,157,10,37,33,75,7,213,63,207,198,131,208,208,97,255,193,209,84,244,46,198,160,36,245,123,126,147,164,9,38,173,77,15,72,37,143,144,156,106,64,191,240,85,61,97,116,203,247,10,152,107,121,245,62,119,192,153,232,246,193,28,85,71,193,60,163,220,12,192,109,168,41,123,123,4,49,152,224,193,157,200,163,102,178,191,180,48,17,224,192,208,220,178,82,42,238,23,24,14,166,173,38,93,196,222,166,134,37,36,161,237,58,56,74,29,245,69,200,117,164,142,85,10,210,50,171,45,164,68,88,49,153,191,166,206,164,195,89,59,69,174,58,93,136,51,50,8,92,103,206,88,232,5,93,63,202,24,54,65,114,49,177,88,27,45,177,60
364.2727272727273,176,206,64,70,199,46,219,224,50,234,65,105,41,136,170,134,137,186,18,195,219,213,167,178,58,203,72,87,157,106,17,108,39,215,245,199,207,75,226,210,228,110,248,30,204,24,10,158,165,252,73,10,84,176,59,234,144,76,125,233,16,131,194,50,192,126,11,132,111,84,19,164,114,54,22,180,15,83,24,146,191,185,254,221,45,235,66,44,42,122,102,152,65,13,143,43,132,24,100,63,255,142,209,231,255,221,3,88,247,29,236,90,148,40,203,233,116,96,205,134,165,45,40,232,105,231,3,92,89,92,155,127,66,67,188,4,225,162,222,176,44,167,201,39,186,37,172,102,43,208,181,39,85,238,225,107,107,77,186,246,58,167,206,116,164,142,70,82,193,54,86,10,100,212,170,114,10,115,133,209,69,138,6,103,162,78,102,157,31,143,206,58,135,120,93,78,244,154,40,239
374.3636363636364,32,184,231,94,249,110,85,142,104,94,55,56,4,25,225,89,61,37,148,65,195,83,7,208,171,205,184,56,152,69,16,233,61,63,51,143,90,233,178,204,226,26,216,43,210,27,7,101,114,58,198,177,135,156,124,105,226,65,118,127,140,85,123,150,216,32,74,53,22,6,210,78,246,40,233,174,175,6,186,69,169,162,81,241,51,162,216,53,67,9,236,159,218,227,220,114,120,178,27,25,76,212,125,125,224,103,146,206,124,220,204,209,84,240,230,156,53,200,30,181,141,168,241,48,201,121,200,116,131,106,166,186,222,80,195,179,253,40,216,195,60,1,125,197,215,43,86,155,203,255,145,142,193,36,70,54,66,62,155,89,238,253,137,165,100,12,251,107,189,13,91,164,217,55,205,53,156,224,14,112,18,198,40,53,215,203,162,192,221,114,138,48,14,193,80,30,74,50,172,63
384.4545454545455,230,83,33,97,86,53,182,191,26,213,239,49,58,118,223,93,115,196,44,129,109,84,233,193,254,166,111,113,89,61,82,12,112,172,169,68,32,192,134,156,21,139,79,64,114,19,111,41,190,79,173,72,165,184,98,146,75,11,76,73,189,234,210,181,242,216,65,193,215,139,152,144,149,105,162,252,165,6,82,30,103,224,221,13,173,104,65,224,90,201,145,179,112,80,200,43,191,217,9,211,27,249,7,46,65,137,197,68,174,215,241,154,20,60,30,94,107,136,250,13,48,225,108,208,123,71,220,170,45,158,49,28,89,197,213,4,57,4,16,9,107,112,70,134,139,77,102,186,237,70,57,22,11,15,148,191,183,29,13,41,205,216,98,168,239,213,146,139,121,44,68,165,223,186,97,3,225,173,95,219,159,43,205,128,184,8,178,242,193,99,78,148,81,12,194,209,23,223,240,228
394.54545454545456,255,189,211,173,129,85,13,96,158,29,97,30,215,216,47,22,134,0,179,71,132,145,106,14,122,45,11,142,32,253,237,113,115,215,6,141,43,54,61,196,208,3,140,115,231,201,11,252,137,76,68,183,68,95,109,254,65,247,30,12,196,206,251,203,108,200,194,43,146,66,24,156,225,82,138,133,65,19,228,144,103,175,60,225,36,181,211,249,186,57,199,145,156,243,157,113,64,128,149,17,238,6,39,210,198,142,117,135,182,44,165,65,71,195,43,28,85,201,171,168,94,220,85,125,46,144,171,94,109,119,135,135,16,185,237,138,54,241,146,151,195,4,101,120,134,111,219,126,134,193,27,111,116,115,175,148,177,76,31,190,245,156,144,113,134,209,104,127,174,241,69,55,244,114,171,71,22,21,12,121,137,40,211,64,113,164,238,38,71,134,67,234,235,214,28,221,161,152,237,219
404.6363636363637,149,128,30,245,205,170,86,152,75,229,1,51,75,76,30,50,225,104,212,21,25,171,193,164,119,124,168,172,233,185,197,61,156,255,97,214,183,116,125,100,195,45,145,80,126,29,199,32,251,68,176,15,57,38,184,148,155,245,80,32,194,247,183,252,196,71,232,77,247,219,174,104,185,243,137,28,194,73,13,64,215,97,82,18,174,200,202,210,63,183,110,144,165,245,163,92,129,72,33,111,221,9,50,119,166,83,227,96,99,101,89,184,83,57,238,232,238,168,73,236,143,210,81,16,13,197,33,59,77,144,37,218,65,54,219,38,137,205,153,72,56,186,100,161,134,204,255,228,56,214,242,135,58,51,255,52,215,218,182,65,238,8,174,151,53,253,239,116,234,243,192,178,23,134,127,32,243,158,4,41,91,191,71,209,181,188,124,36,162,137,54,185,222,49,127,239,48,0,59,116
414.72727272727275,52,139,23,192,222,13,53,42,232,117,134,167,65,53,184,120,173,6,243,125,161,205,96,180,136,119,14,45,243,45,148,18,23,91,78,165,29,72,51,233,168,11,73,224,110,107,100,182,196,249,61,239,130,37,60,181,98,31,170,176,30,101,213,204,45,143,166,117,25,245,103,142,106,170,168,156,91,30,242,92,57,48,108,237,212,246,144,187,252,202,247,174,180,5,235,145,226,188,78,24,126,54,224,52,221,141,90,91,90,43,122,55,2,227,235,207,75,23,9,69,43,131,40,193,41,125,188,128,67,101,152,5,247,118,115,160,135,20,120,237,157,211,205,153,84,192,2,41,34,18,181,59,172,94,142,18,45,83,44,250,208,192,150,90,198,226,62,236,11,123,78,231,65,108,139,97,197,94,213,94,207,117,239,81,166,224,83,255,147,104,45,107,30,169,211,189,129,186,90,141
424.81818181818187,226,85,130,108,121,171,85,231,82,203,90,207,235,232,84,136,109,161,177,86,163,94,210,227,222,177,150,122,253,32,181,64,112,235,100,169,134,34,180,161,173,131,102,191,174,218,15,187,96,143,127,187,211,12,82,153,230,47,142,197,63,164,163,252,142,21,241,7,131,117,75,1,89,109,159,148,104,51,112,24,215,228,154,119,37,24,85,245,69,150,44,35,19,91,110,131,141,5,21,48,165,53,59,161,206,27,17,248,217,64,183,5,112,206,175,86,158,219,19,191,144,100,181,227,24,249,132,141,87,97,207,0,131,34,175,165,152,242,69,57,108,178,36,86,40,236,124,169,210,254,34,108,123,70,128,134,34,143,252,145,76,55,106,86,169,1,177,192,4,250,238,240,141,174,1,49,79,87,8,167,87,103,209,109,216,5,144,133,134,231,155,174,248,249,10,128,28,176,144,127
434.90909090909093,184,10,107,186,91,178,53,130,113,54,87,121,145,13,39,32,22,11,226,2,254,232,251,113,218,225,91,225,166,254,55,154,10,50,252,95,199,131,216,210,238,89,147,39,108,10,105,148,27,116,251,56,37,68,216,181,112,184,47,14,159,186,149,233,57,194,181,171,253,46,37,120,133,87,109,166,160,249,18,66,124,116,6,177,102,73,2,28,163,152,160,155,109,23,95,28,150,83,155,35,110,250,120,106,74,103,53,229,237,138,137,140,148,45,4,176,4,90,141,34,109,174,111,53,113,148,157,49,93,125,103,204,213,60,164,20,47,172,193,92,253,230,29,86,239,56,139,131,132,166,248,225,220,99,61,69,33,252,89,35,93,67,172,5,60,45,48,191,205,80,39,122,75,254,42,43,25,91,242,23,18,157,232,179,121,122,88,52,81,196,115,33,191,146,14,84,193,67,125,89
445.00000000000006,215,186,172,44,164,88,106,231,216,144,232,63,82,222,58,4,26,161,227,169,32,116,159,0,45,235,220,23,77,17,102,25,105,160,187,136,178,44,81,168,146,136,53,2,19,69,56,241,39,227,109,196,61,91,174,145,139,162,120,114,211,179,110,215,120,42,119,87,22,177,111,208,150,2,130,5,106,66,141,104,148,119,157,147,135,66,130,32,31,113,72,142,234,27,248,231,117,35,161,185,98,8,95,121,35,91,231,154,121,189,41,156,95,175,49,130,92,201,135,186,25,77,14,110,127,243,70,28,54,82,63,4,70,175,126,60,19,99,164,219,120,19,69,115,194,192,4,88,233,177,176,232,124,12,154,225,200,188,217,203,13,135,2,175,9,207,185,67,51,62,136,25,3,165,190,84,157,133,29,8,211,250,126,126,222,125,58,28,232,45,107,233,116,36,47,105,122,161,109,53
455.0909090909091,122,240,241,21,103,46,7,218,69,207,12,16,119,91,191,202,227,133,46,8,141,9,250,255,23,193,60,88,183,25,220,128,6,63,70,103,178,233,60,193,24,160,164,34,128,29,26,137,21,221,75,47,53,79,224,159,179,169,147,185,102,235,91,128,15,122,161,79,214,156,40,42,98,201,197,63,213,223,92,168,143,245,101,101,60,119,254,247,14,116,0,180,189,141,216,217,247,116,70,1,197,77,207,65,230,212,143,111,251,149,0,161,250,20,200,94,128,229,40,52,178,8,30,72,214,124,28,223,145,23,112,217,186,226,44,252,148,147,88,5,140,17,52,97,232,18,172,130,254,153,170,63,80,79,203,42,184,2,120,240,191,218,51,63,47,66,100,217,62,182,69,41,172,5,113,98,172,6,10,5,173,177,90,98,138,224,103,190,195,177,164,149,36,77,135,203,180,170,79,184
465.18181818181824,168,19,39,206,143,170,18,174,8,82,67,196,124,252,205,231,98,116,229,163,114,197,43,46,133,92,87,117,173,156,149,246,216,254,178,83,248,58,142,20,95,4,11,229,151,143,220,89,178,5,6,211,139,111,133,226,72,11,245,93,26,202,92,212,6,237,177,183,244,2,242,50,88,113,191,0,180,209,116,91,252,148,118,128,115,70,195,213,159,9,112,80,64,195,254,126,1,27,10,72,116,142,203,45,187,123,155,136,143,220,136,241,125,245,85,68,234,250,125,136,98,200,132,50,137,115,250,111,29,198,48,239,25,189,160,145,106,186,73,58,95,207,210,4,36,228,160,127,60,160,141,162,103,125,243,228,253,232,4,192,98,250,191,159,82,114,97,241,8,109,122,252,146,79,213,220,241,54,104,54,119,221,18,90,138,22,159,19,227,177,189,71,138,29,209,50,7,169,170,20
475.2727272727273,85,112,150,100,239,91,189,39,36,30,109,2,98,140,139,134,247,205,11,228,8,30,235,218,202,112,87,68,241,32,190,51,57,141,206,248,81,196,23,95,44,104,177,12,179,83,8,26,48,27,29,231,189,166,120,218,173,195,167,109,190,186,52,144,206,152,43,245,24,161,91,1,230,25,47,1,142,175,237,127,226,234,63,62,89,121,118,54,28,242,188,92,112,11,145,102,58,140,188,66,132,240,227,221,87,61,171,122,236,248,232,146,159,130,242,93,189,187,64,45,242,252,98,27,190,72,66,184,19,254,81,122,228,219,26,2,239,0,252,13,27,230,25,62,162,142,136,41,139,170,174,187,54,219,78,134,11,248,110,27,93,50,247,103,36,120,46,238,125,214,160,173,176,195,101,157,255,93,220,192,69,178,150,124,95,180,54,230,58,6,225,223,251,221,141,188,244,61,183,148
485.3636363636364,97,135,91,57,247,207,223,161,95,129,63,131,127,24,245,5,126,123,45,83,18,89,255,69,84,103,168,231,95,97,110,106,200,204,119,59,78,187,226,32,6,80,27,214,135,108,32,13,3,248,241,215,245,255,168,203,78,128,140,247,249,245,161,8,163,21,122,4,159,246,70,1,35,191,197,127,94,210,209,239,4,150,248,111,146,75,153,65,84,124,0,213,164,103,149,73,85,217,235,68,200,22,43,11,156,120,218,185,50,134,15,83,104,68,179,242,100,9,150,213,136,131,167,40,164,47,56,9,35,21,238,244,248,70,62,34,90,192,65,74,134,170,108,74,57,168,3,167,23,65,207,39,169,48,66,67,208,107,226,66,106,218,132,63,60,150,76,221,233,137,159,242,217,16,91,105,221,117,147,79,136,190,246,148,178,163,84,94,142,214,39,216,170,86,77,254,212,8,99,4
495.4545454545455,214,31,150,94,205,185,45,164,221,125,16,133,156,137,144,90,20,192,253,45,160,175,49,29,241,75,254,70,164,241,209,208,185,99,164,55,9,127,55,7,3,184,74,198,10,91,116,193,199,32,185,206,161,138,96,189,249,27,10,231,80,67,37,122,52,230,190,83,215,71,61,68,85,86,241,207,198,45,98,105,138,25,102,215,6,73,245,228,43,68,80,72,139,142,192,101,212,246,12,126,242,49,12,251,118,233,2,59,78,11,131,130,222,77,212,9,144,214,102,165,11,74,154,175,60,63,209,106,42,190,19,79,22,234,160,29,46,179,201,184,57,173,109,216,24,101,128,57,214,33,200,212,150,193,72,173,149,193,252,239,129,200,184,103,142,170,100,100,234,50,27,169,131,191,7,62,203,130,150,235,35,131,234,245,5,11,116,103,71,6,79,16,248,14,105,64,68,36,155,237
505.54545454545456,230,55,46,20,61,192,202,218,197,60,197,180,249,54,131,21,61,180,201,122,37,132,138,130,73,230,206,41,78,198,48,130,73,68,201,115,179,220,19,203,17,37,50,195,104,172,67,78,107,60,129,52,138,77,68,190,156,247,103,193,215,213,180,247,199,212,253,119,155,69,62,225,130,230,163,22,147,32,183,66,77,143,141,103,203,239,18,110,22,142,242,90,177,188,198,84,123,11,92,242,70,153,180,111,25,148,55,65,196,72,6,186,167,173,143,149,212,109,50,135,144,34,66,126,162,232,61,240,165,19,145,225,51,158,22,79,60,18,192,97,200,13,210,153,98,71,115,117,164,99,225,129,160,16,124,203,158,176,32,125,131,47,202,148,202,168,203,208,238,228,235,119,67,242,97,218,170,92,250,15,16,8,165,142,221,125,100,70,210,7,222,214,67,77,198,43,137,29,72,214
515.6363636363636,120,5,202,206,18,85,174,206,169,224,194,3,153,105,30,206,184,20,31,165,220,238,232,55,26,74,96,215,28,128,75,64,30,250,226,249,53,64,161,0,173,44,18,86,77,48,165,57,88,183,47,237,15,195,251,129,76,30,130,110,103,204,95,194,84,243,77,198,164,23,161,218,47,45,231,252,46,22,47,249,135,178,30,172,72,134,118,137,151,72,45,180,50,196,206,158,77,41,22,132,46,239,238,35,147,169,111,34,41,54,233,245,154,24,153,133,53,206,184,140,88,242,30,110,181,72,228,135,193,88,70,216,231,91,73,83,229,42,50,118,157,191,154,156,202,218,221,204,25,147,196,31,157,98,245,133,59,174,35,238,238,237,186,19,163,87,251,184,114,203,253,207,233,63,168,196,173,82,127,243,219,253,192,0,162,135,218,214,66,156,103,185,186,190,5,111,20,67,187,11
525.7272727272727,143,104,114,68,196,188,64,162,170,229,118,73,203,38,187,102,85,96,27,227,210,207,230,28,164,137,239,183,147,47,179,211,135,237,172,51,234,18,84,102,74,226,32,58,30,194,88,161,203,43,53,91,51,91,17,101,226,207,101,216,20,241,191,6,185,70,119,87,145,69,180,117,180,186,239,213,109,120,144,35,223,107,27,92,217,15,241,230,154,247,114,71,202,27,79,25,98,102,80,138,231,231,147,200,33,41,210,130,50,251,191,114,97,252,205,85,122,53,64,209,207,44,221,231,7,110,14,71,164,78,70,185,195,219,78,68,32,128,8,87,213,26,70,241,50,135,154,207,208,158,24,190,66,192,138,9,192,235,1,249,217,114,97,254,87,58,68,86,218,231,103,190,145,245,239,215,239,69,222,177,190,131,86,75,61,163,255,24,167,103,134,162,41,126,137,17,12,84,15,250
535.8181818181819,240,101,20,154,113,5,24,13,200,241,145,246,87,166,233,162,31,192,232,96,70,21,117,130,156,5,75,168,8,232,50,44,132,29,188,233,37,186,15,186,253,127,104,172,104,121,101,101,1,165,126,63,37,95,207,171,148,167,51,106,159,210,21,210,76,98,82,159,75,246,108,194,255,236,156,49,80,208,9,58,34,135,67,46,38,238,171,202,72,222,47,7,166,231,124,55,44,125,175,208,29,167,74,8,19,179,53,149,225,213,101,197,16,72,211,38,204,163,23,73,154,173,187,134,39,127,190,210,22,118,252,135,169,249,123,87,209,210,44,196,194,193,157,245,106,221,53,67,186,111,45,197,199,89,238,31,24,234,196,96,195,121,151,129,87,230,141,145,120,96,148,94,243,113,163,93,79,35,72,235,73,63,247,65,237,250,229,19,189,66,22,101,225,55,66,183,7,88,43,168
545.909090909091,179,219,255,183,134,148,155,73,16,231,194,219,112,128,168,190,61,57,182,1,174,71,243,188,12,28,178,79,197,69,94,252,19,189,130,127,246,82,73,84,71,120,108,55,140,112,50,60,26,10,152,1,159,19,38,182,122,157,86,42,208,183,174,78,53,253,165,198,140,243,64,23,122,254,196,140,34,109,49,245,130,112,11,37,36,244,42,230,142,87,197,160,253,57,164,17,24,189,223,204,45,225,167,148,208,121,14,132,111,156,59,124,208,29,74,107,166,202,138,157,27,153,69,57,17,70,108,50,173,115,139,248,215,60,162,57,183,108,141,146,129,212,164,80,180,24,77,203,82,197,31,4,211,220,208,108,46,18,219,120,232,97,147,39,163,142,155,184,252,70,40,169,122,68,246,48,150,229,123,166,58,62,248,251,0,226,73,189,253,90,250,191,252,9,221,89,66,77,85,107
556.0,216,247,57,23,225,96,214,102,13,91,152,139,254,12,173,47,58,206,76,206,145,130,238,234,178,165,11,217,20,248,83,7,190,95,120,26,89,244,223,119,130,29,106,163,15,100,35,156,205,59,232,253,36,66,24,47,116,21,157,219,169,239,81,133,73,148,208,87,62,140,60,147,249,211,183,78,7,24,96,171,36,129,194,215,173,173,122,200,161,9,31,234,232,46,22,57,13,162,183,21,217,214,22,35,7,171,251,165,104,77,61,11,0,115,239,178,91,56,56,247,27,142,175,65,1,246,235,128,101,193,4,200,6,79,2,29,170,62,218,135,91,28,35,213,76,229,203,60,189,154,52,13,163,215,144,240,106,87,222,77,111,227,198,44,116,0,127,25,237,165,38,109,205,21,131,183,20,32,65,165,104,156,112,144,243,126,168,182,72,172,45,151,137,183,42,23,179,249,62,51
566.0909090909091,15,165,80,90,178,202,157,215,193,2,231,32,248,224,98,35,53,99,109,27,132,188,215,207,211,145,138,85,67,198,192,126,96,239,124,17,156,217,97,128,93,161,218,21,44,149,8,159,87,35,140,105,196,217,189,86,37,241,63,64,173,58,140,103,9,45,222,51,160,134,6,162,188,100,85,132,0,135,9,92,226,237,21,154,126,71,176,128,11,181,181,96,208,133,249,92,46,152,113,30,17,188,216,76,246,16,105,0,196,242,104,254,149,124,195,91,184,187,181,102,38,175,15,65,4,99,29,3,179,252,87,121,86,114,124,240,195,11,169,190,1,90,3,16,226,231,208,214,203,232,5,78,100,222,14,189,1,255,88,27,64,15,202,0,230,192,254,207,92,34,98,241,34,169,12,30,80,89,183,134,116,150,23,130,187,72,200,110,168,47,113,71,21,43,45,167,181,166,48,136
576.1818181818182,119,88,187,35,101,183,209,69,26,187,130,109,229,182,95,223,29,8,231,37,64,211,232,255,63,198,203,171,211,98,122,129,146,79,176,54,143,156,19,90,159,161,201,27,201,18,178,95,249,62,231,249,204,146,252,206,210,45,6,46,191,200,114,217,138,185,235,72,216,134,80,142,181,32,35,187,18,109,195,250,106,25,137,68,111,95,57,217,69,10,107,87,192,102,64,136,89,156,5,250,217,168,52,176,151,218,106,5,254,123,7,43,129,189,16,62,151,103,225,187,212,23,11,160,64,133,221,124,223,47,87,73,137,120,80,225,83,144,99,243,204,33,120,135,213,68,153,174,230,149,205,82,88,99,55,177,153,108,91,23,42,73,176,124,242,189,90,14,12,59,25,20,140,132,66,197,223,216,101,30,21,176,152,108,113,206,155,111,75,93,20,17,205,65,254,175,175,108,126,52
586.2727272727274,80,109,196,51,152,117,192,53,45,59,197,200,122,194,109,4,84,192,172,219,17,204,62,151,127,146,120,193,189,226,181,10,89,163,52,21,121,238,179,82,189,22,17,247,219,42,119,13,79,136,186,9,77,62,206,209,2,189,89,177,235,74,12,240,75,126,117,27,213,217,186,243,216,180,230,120,160,16,1,41,146,156,252,170,43,80,145,106,218,142,119,248,104,86,72,91,170,246,193,57,74,244,98,238,188,117,129,8,89,54,145,38,194,106,187,15,65,103,89,169,131,34,181,176,253,77,139,64,53,29,34,82,59,83,52,46,18,78,109,42,150,143,207,24,51,169,78,250,64,155,15,104,232,247,221,115,36,32,217,67,227,48,74,90,186,200,246,145,24,157,61,177,181,253,156,163,2,137,235,84,93,14,141,128,25,163,243,97,63,200,111,200,240,93,240,126,38,133,77,101
596.3636363636364,3,13,5,222,212,16,167,29,188,149,67,94,234,246,133,46,46,239,112,181,26,159,125,229,48,198,181,182,159,45,118,242,215,17,46,83,196,83,154,89,1,34,140,143,210,134,18,79,231,46,67,163,114,250,116,95,11,125,48,57,239,51,124,29,121,138,88,214,73,222,63,10,182,239,192,20,242,156,91,91,48,162,129,208,2,223,108,34,107,215,13,41,59,245,114,60,236,134,114,156,165,163,223,5,21,253,254,46,127,231,52,195,55,126,189,82,109,186,69,179,184,220,47,182,210,92,82,115,145,9,217,85,12,79,164,69,194,17,83,231,66,27,183,163,196,141,206,213,152,158,226,224,76,127,230,13,247,161,137,83,187,165,88,31,49,38,84,251,173,35,220,189,103,107,197,101,92,72,56,128,161,65,14,142,218,208,8,27,65,2,184,207,200,1,159,215,3,125,133,221
606.4545454545455,150,228,60,221,184,211,177,165,209,181,35,92,37,221,247,128,130,14,75,24,128,29,137,29,100,14,242,186,118,63,242,27,47,104,254,48,237,118,203,77,156,164,165,50,178,23,187,85,184,35,126,139,123,121,108,143,73,250,133,242,26,38,138,115,250,74,108,135,103,31,180,249,38,147,184,200,84,72,139,6,253,167,138,35,18,221,3,105,11,114,79,25,58,56,132,4,32,213,196,174,118,47,168,101,131,134,185,202,57,106,83,207,8,11,228,62,37,222,249,77,188,161,52,169,48,241,34,149,155,129,161,132,110,100,251,133,239,86,217,73,143,23,216,221,126,177,82,31,21,158,160,41,142,92,26,48,104,103,147,229,122,181,58,139,49,114,174,38,236,240,6,51,54,153,197,236,122,246,166,59,98,21,48,156,182,45,18,124,200,227,55,119,2,162,152,213,54,228,87,107
616.5454545454546,164,22,184,249,16,76,220,194,214,47,246,248,47,75,232,193,195,239,61,241,138,6,41,68,84,231,4,14,14,194,98,178,86,165,30,191,27,47,184,175,248,222,197,217,152,197,218,59,155,34,199,249,236,69,105,18,242,234,255,193,102,134,0,23,185,94,95,195,112,222,181,89,212,240,99,119,36,236,42,135,89,192,241,133,139,81,172,2,139,188,221,222,22,172,212,124,246,122,191,137,249,23,220,105,232,227,49,128,38,206,137,63,129,0,91,113,227,32,155,184,110,12,118,89,191,205,180,80,122,149,209,69,177,111,121,182,201,158,2,186,207,140,47,50,175,100,10,164,12,53,221,28,39,52,86,90,76,195,105,162,191,78,219,178,190,232,83,107,65,252,107,235,244,65,25,133,137,13,122,47,10,110,2,162,248,43,133,230,151,232,69,191,168,79,103,21,75,135,79,217
626.6363636363637,183,181,238,24,139,140,173,219,103,67,27,185,104,161,135,79,48,19,28,150,3,244,146,119,200,8,208,239,203,159,252,245,152,68,212,117,28,172,53,206,172,16,105,161,43,88,126,138,42,104,23,20,125,245,49,40,225,223,97,53,181,0,39,25,229,162,85,168,87,180,146,204,92,225,246,91,114,156,85,5,213,193,144,219,11,157,242,86,93,58,45,159,41,224,159,117,99,170,205,253,34,94,76,204,127,245,70,135,51,249,43,220,3,119,24,124,88,192,41,67,170,210,70,62,159,187,25,16,241,46,177,159,20,178,155,216,81,24,160,158,30,62,128,179,73,39,247,118,193,174,39,35,55,199,195,86,51,24,201,146,225,228,90,96,134,15,202,233,202,217,162,87,39,126,200,192,73,89,132,2,42,222,22,254,113,142,151,136,240,224,212,15,153,98,87,33,255,63,9,161
636.7272727272727,155,39,42,216,94,255,176,227,119,29,160,90,137,70,188,222,130,183,70,194,168,196,197,167,230,123,154,81,9,23,37,89,85,174,143,47,75,32,122,4,13,221,8,187,221,139,115,153,93,159,169,154,119,179,125,102,201,55,225,224,207,11,54,246,216,111,100,91,22,186,106,197,105,191,203,168,63,58,88,245,218,41,58,38,184,40,187,230,120,76,165,180,191,18,253,26,120,112,183,18,154,223,233,34,131,123,217,190,39,149,201,201,69,81,239,213,23,148,109,122,49,46,71,178,12,140,187,59,45,154,76,199,180,128,130,24,185,253,231,93,30,95,108,22,22,2,85,169,58,6,52,224,27,8,137,94,214,230,210,127,17,166,216,228,131,191,196,174,227,148,255,120,111,187,24,14,12,140,164,234,148,191,190,10,80,134,19,248,210,26,172,99,208,227,95,226,45,133,242,109
646.8181818181819,165,88,142,69,186,228,1,252,206,24,184,238,77,240,142,49,24,62,31,60,246,9,189,138,26,32,115,62,221,130,37,96,193,208,31,82,101,114,212,40,160,42,100,175,34,166,206,24,88,78,45,139,85,234,142,147,113,62,35,131,218,204,234,173,127,204,140,141,29,185,76,161,27,26,122,118,242,199,235,254,237,155,225,130,105,64,85,114,190,79,61,117,88,13,3,115,168,52,221,168,10,72,102,156,239,201,224,187,238,109,102,95,137,191,209,57,242,171,72,133,216,157,56,42,62,255,164,236,47,95,146,171,95,63,251,247,112,72,80,170,96,41,23,248,20,24,204,110,119,9,83,60,117,196,110,129,11,135,155,34,2,210,204,35,19,72,81,104,189,133,221,166,243,237,224,202,171,120,228,152,242,195,167,239,217,203,103,56,175,53,125,172,218,76,0,172,99,12,51,49
656.909090909091,81,127,92,55,99,157,107,147,49,53,154,99,183,31,244,237,56,92,172,216,38,34,41,138,18,122,109,37,173,155,27,13,12,166,236,37,55,208,129,225,16,216,163,138,80,253,132,59,32,240,107,193,73,1,143,241,37,109,238,8,228,71,183,109,63,207,194,12,104,11,144,147,25,238,1,219,225,224,24,250,92,47,8,198,23,110,143,81,185,249,122,90,44,90,54,110,54,129,90,62,115,111,143,229,61,83,151,215,58,100,59,117,45,94,98,34,37,87,70,219,190,45,222,192,201,82,149,64,218,183,217,229,64,168,60,41,126,209,172,146,56,249,36,115,75,249,140,13,56,232,224,237,199,75,128,83,6,248,244,138,5,0,116,51,154,3,255,175,93,114,173,178,169,149,147,112,111,254,212,87,123,39,97,140,13,25,244,234,45,146,47,105,70,107,163,183,241,13,242,222
667.0,184,20,249,205,25,35,159,251,103,140,216,61,129,142,122,37,103,33,207,165,106,2,112,6,123,138,199,6,224,210,24,153,2,231,3,30,217,145,213,40,237,7,38,206,221,34,85,101,235,84,84,124,124,241,94,14,218,250,73,73,114,221,252,81,93,166,201,94,169,39,60,104,60,197,73,118,236,31,22,242,35,141,177,15,245,123,4,225,42,31,148,59,211,23,165,54,175,122,98,160,213,136,24,131,43,170,43,212,238,119,90,217,153,73,106,200,135,55,149,233,216,194,150,129,36,197,238,150,0,63,96,78,18,253,73,144,143,191,26,83,198,249,41,240,214,179,88,224,253,227,176,2,185,170,123,30,51,162,107,119,31,179,10,150,24,202,119,113,18,197,233,209,118,204,101,117,81,125,165,6,98,178,164,94,16,101,164,66,154,168,68,63,94,121,198,30,138,155,229,242
677.0909090909091,113,35,141,42,140,104,1,217,195,192,68,225,78,29,69,33,59,206,78,115,66,218,110,4,98,75,92,227,189,97,38,233,59,227,140,5,1,166,25,125,76,68,33,54,188,61,235,219,33,59,189,98,226,205,3,175,180,138,95,64,108,58,44,171,60,225,86,12,38,101,36,3,123,243,232,95,194,125,136,117,252,74,40,4,33,24,57,135,253,132,160,203,187,53,253,202,72,150,95,72,144,29,162,243,113,35,190,79,253,88,250,252,25,156,250,216,105,123,104,49,43,29,137,234,175,203,229,255,157,209,43,57,180,199,35,57,230,131,160,167,159,34,200,203,187,74,64,10,131,142,152,222,142,94,72,64,62,220,90,74,125,159,163,124,19,178,51,204,150,203,90,236,131,166,36,107,143,26,146,70,211,93,206,229,15,48,97,233,176,241,118,187,130,165,215,161,96,28,182,191
687.1818181818182,21,90,195,64,122,232,245,161,177,22,177,18,245,216,143,75,238,120,91,215,184,99,251,184,255,182,102,85,152,65,114,173,100,69,141,59,145,111,104,241,218,133,244,30,26,250,32,72,238,116,3,168,81,123,158,247,35,253,122,48,35,186,94,138,2,123,12,164,111,95,222,173,82,117,201,179,176,33,136,73,13,244,26,75,153,74,27,6,55,11,24,219,4,132,214,87,252,39,78,103,138,142,11,117,222,36,0,9,55,54,83,231,253,199,169,135,62,70,242,247,101,167,43,48,147,92,171,167,58,74,58,146,208,197,73,54,119,54,4,219,2,97,138,117,88,249,94,67,111,127,166,88,98,238,175,17,2,227,34,23,51,124,162,26,251,76,250,154,198,14,246,87,186,92,82,83,165,226,188,82,44,51,132,201,13,216,247,164,180,205,159,184,119,238,36,179,72,103,121,64
697.2727272727274,113,204,140,139,255,54,69,163,140,144,218,206,232,100,83,111,51,166,102,157,62,198,254,187,10,44,16,38,221,227,98,197,116,226,244,251,235,86,92,137,60,92,188,118,137,218,209,234,133,100,29,189,251,89,237,244,67,30,233,101,229,196,75,236,47,49,138,145,188,108,75,80,238,147,55,218,6,206,88,126,93,16,55,185,114,130,39,178,103,239,80,45,240,141,58,141,62,225,159,16,69,250,139,200,255,5,103,21,203,255,180,247,227,51,243,81,243,207,34,225,32,204,253,21,212,58,1,2,218,215,207,49,89,25,40,0,252,39,18,107,180,221,8,120,160,32,38,141,39,234,70,62,75,70,7,235,10,154,32,197,178,21,171,156,171,102,221,98,71,1,90,84,181,171,187,229,42,39,239,241,22,188,246,49,204,149,138,120,48,235,196,90,7,226,4,121,181,160,217,78
707.3636363636364,95,46,234,183,231,203,236,177,111,62,238,215,162,157,177,3,55,132,234,206,107,26,208,155,97,217,24,149,198,45,229,117,134,28,249,41,167,54,212,61,231,179,223,21,95,165,151,195,156,21,177,2,74,10,127,55,53,197,188,154,174,93,249,219,45,238,200,117,253,234,87,238,82,184,43,127,116,105,49,98,56,195,119,52,111,163,30,30,245,59,223,107,132,28,59,39,27,142,48,69,105,204,35,241,185,251,10,21,21,87,219,249,51,165,76,202,90,247,49,186,24,248,56,93,113,84,7,108,66,98,171,200,104,20,162,30,221,95,1,35,124,238,170,247,151,153,4,193,169,108,140,155,10,130,48,236,235,113,227,168,52,172,201,122,148,186,3,27,110,191,175,229,184,81,173,83,146,63,29,227,206,66,30,6,108,249,86,201,245,17,188,109,126,80,93,204,13,219,74,39
717.4545454545455,64,183,175,190,177,130,146,169,207,78,249,225,37,153,53,130,197,250,175,243,55,15,176,133,43,100,244,223,28,95,64,219,73,156,224,241,184,171,45,46,149,1,103,20,143,147,199,233,230,211,7,70,201,253,10,127,158,67,216,166,17,141,215,88,241,80,62,155,92,169,174,224,120,100,235,83,166,35,63,191,195,83,133,36,23,103,8,115,169,109,31,178,84,201,131,226,139,175,24,156,168,133,229,132,197,5,102,146,126,116,190,106,191,100,73,247,192,182,30,254,129,150,255,199,50,190,188,162,184,145,128,223,165,222,227,143,233,168,175,141,130,196,138,67,170,16,151,121,94,126,133,226,45,24,199,152,134,86,105,150,74,121,58,225,131,168,225,102,75,34,242,67,48,209,62,136,71,143,164,83,197,244,148,240,112,101,40,175,193,217,195,51,226,101,4,191,245,51,180,179
727.5454545454546,80,198,28,78,36,178,157,75,245,133,18,224,23,212,41,97,250,179,12,150,227,172,252,25,253,159,238,151,10,71,49,105,227,242,64,240,115,163,167,186,16,98,52,126,18,174,254,176,103,239,104,219,110,237,229,156,99,159,138,165,157,193,121,74,192,154,156,66,184,65,246,192,65,154,252,114,3,19,54,50,50,130,142,84,252,220,156,227,207,29,58,227,103,129,114,214,19,27,35,44,33,210,182,5,253,221,125,98,30,191,82,192,198,134,206,66,199,74,14,166,48,111,72,55,72,160,127,188,121,28,30,170,227,54,59,88,201,38,239,232,213,65,95,7,144,242,153,243,153,206,69,15,146,245,236,24,195,149,186,161,28,68,64,156,139,15,201,152,252,244,20,122,218,190,118,116,189,8,120,124,239,41,14,21,156,244,170,37,151,71,212,138,217,216,90,40,10,249,3,43
737.6363636363637,167,242,30,82,58,124,192,169,191,139,213,174,169,17,246,13,143,2,180,163,80,47,49,134,97,179,38,64,236,121,3,252,44,121,228,107,38,204,92,93,250,194,42,116,135,201,249,49,196,169,155,224,192,169,182,106,88,238,75,54,250,182,45,238,240,69,88,229,156,227,31,71,155,131,139,164,203,54,5,202,172,216,1,176,14,114,115,70,101,181,210,227,139,223,77,33,50,116,215,245,188,226,7,117,158,75,111,119,138,66,12,15,142,195,250,118,76,224,9,101,245,29,25,40,173,148,185,111,58,172,137,252,36,58,228,115,140,242,184,8,167,249,149,210,228,157,234,174,188,88,110,66,46,12,50,142,103,181,6,137,170,16,31,137,144,101,224,169,224,219,88,245,11,206,171,19,81,106,16,89,136,249,225,6,73,182,245,71,120,221,240,173,249,19,235,100,5,2,239,177
747.7272727272727,66,50,214,3,74,221,4,55,148,166,245,88,11,230,180,2,139,16,90,75,45,221,250,23,213,85,135,66,70,41,65,103,202,67,92,154,46,64,202,180,179,94,232,242,240,11,125,227,75,143,37,207,220,125,233,78,26,44,89,143,99,41,150,103,2,224,154,237,54,253,92,174,135,250,183,49,133,127,188,176,249,157,93,72,162,158,20,224,226,68,140,112,137,2,7,157,45,41,105,169,20,233,44,204,83,162,224,211,146,29,80,52,160,190,176,237,83,107,7,184,143,70,32,146,90,31,163,225,124,223,252,66,153,24,255,204,194,38,63,60,27,7,113,3,205,135,162,49,164,229,240,67,5,62,242,241,253,94,40,56,7,159,226,180,142,117,113,46,238,107,87,129,184,168,106,25,113,105,114,97,113,233,94,78,219,198,143,0,185,97,69,79,187,180,223,248,231,213,213,115
757.8181818181819,182,72,103,45,159,198,252,184,165,221,140,126,51,81,111,213,80,77,203,15,31,209,245,117,138,253,60,121,227,38,246,194,162,70,69,116,226,115,66,196,151,106,55,18,226,64,12,147,84,25,235,38,16,218,13,162,156,160,45,44,158,179,153,220,127,37,100,142,191,75,140,5,17,114,209,102,113,155,204,163,253,163,160,233,172,1,152,56,215,238,44,252,250,120,115,233,197,65,244,184,37,68,139,196,71,192,248,211,108,253,244,32,142,217,173,219,81,37,238,249,72,144,255,6,6,178,70,100,168,15,148,0,211,100,29,112,0,7,6,233,79,187,116,237,255,189,48,133,212,123,169,209,46,226,142,250,4,86,34,47,8,94,192,224,157,124,34,56,154,60,122,144,138,49,250,175,16,149,234,123,107,60,32,89,199,1,109,200,228,224,134,174,102,248,131,189,66,150,4,55
767.909090909091,178,111,90,117,208,124,96,70,69,87,56,234,139,168,248,255,111,58,71,135,152,41,7,31,38,215,91,237,103,5,240,226,208,191,150,215,123,26,168,155,37,233,37,165,18,236,237,159,79,53,122,24,188,249,138,226,183,53,160,74,43,86,6,44,31,170,57,186,0,240,73,251,247,27,246,171,145,127,46,48,183,152,140,225,143,156,194,84,145,38,129,181,50,18,124,124,127,118,112,218,84,2,150,47,123,212,254,54,143,37,33,215,27,69,158,179,235,241,101,34,149,117,236,218,7,60,183,95,140,206,127,136,75,110,127,78,181,116,133,134,82,96,254,113,84,189,134,143,148,254,37,167,135,166,133,65,228,146,59,141,131,146,225,242,79,217,216,64,118,62,31,114,199,107,219,138,195,195,0,22,98,130,18,181,30,53,50,146,95,137,40,1,239,73,251,65,92,161,11,115
778.0000000000001,98,212,208,140,113,26,20,88,187,237,86,34,11,150,254,8,117,236,186,145,193,2,217,55,133,92,172,145,54,126,35,100,21,33,80,47,236,100,54,18,180,193,25,94,31,246,215,106,242,68,141,116,176,84,92,176,108,216,233,129,18,45,235,188,242,175,234,166,61,178,255,254,203,128,69,126,188,139,47,128,232,157,60,229,93,188,64,34,104,9,88,103,118,67,170,91,231,184,172,134,139,15,118,199,188,155,37,114,234,76,133,46,67,237,47,98,131,232,222,49,115,245,217,13,34,109,70,82,79,52,112,142,234,90,130,171,6,80,162,96,34,225,125,105,211,112,220,116,95,52,125,129,79,186,75,196,66,148,46,89,135,92,30,243,100,156,255,164,6,96,26,22,7,180,233,180,38,58,25,137,7,115,23,223,36,73,30,68,158,19,165,223,5,88,246,84,117,217,32,68
788.0909090909091,168,25,35,133,196,99,103,153,95,22,30,228,219,181,18,150,8,101,137,98,104,195,213,147,49,157,139,232,182,246,54,185,193,122,170,114,255,174,227,116,205,223,64,188,12,22,15,41,74,35,29,86,185,108,123,96,70,146,66,11,112,17,187,17,72,211,77,186,88,190,43,221,239,235,217,62,97,154,227,203,109,149,190,226,28,225,9,25,150,185,90,78,126,105,164,206,243,210,172,18,177,5,88,180,33,180,98,109,217,153,100,158,184,232,217,134,229,179,205,119,47,27,195,71,176,223,229,145,75,119,46,248,146,109,63,166,120,126,229,64,65,237,200,226,145,169,39,225,174,82,79,183,104,26,95,35,109,38,164,111,87,231,56,223,242,186,195,106,124,132,128,151,234,90,226,118,45,110,37,99,24,241,113,212,55,28,44,13,243,85,181,143,236,94,244,72,44,199,72,126
798.1818181818182,11,158,210,134,211,250,60,209,38,190,70,39,0,250,164,106,240,251,73,103,160,65,150,218,128,16,110,191,131,128,244,249,117,23,234,217,38,236,77,27,24,252,169,145,202,231,11,159,180,24,172,87,224,40,247,180,218,105,36,216,226,236,68,173,43,183,58,122,127,209,156,209,246,231,160,150,112,38,134,29,137,87,78,139,205,100,239,114,219,159,47,205,135,226,157,98,253,116,44,214,99,62,84,59,0,133,142,39,209,144,159,81,220,142,120,212,4,59,109,152,13,172,198,145,2,194,188,185,52,95,184,214,67,178,214,47,25,238,202,31,7,39,194,107,62,118,184,130,31,116,185,136,110,219,101,113,216,204,71,63,253,224,36,242,25,94,20,150,140,140,173,7,97,111,132,159,146,107,106,194,0,141,137,116,121,111,102,184,92,211,88,210,22,62,215,252,219,22,120,137
808.2727272727274,75,21,90,187,73,136,169,2,84,15,30,54,9,158,237,216,0,120,109,31,93,134,166,198,28,158,67,5,127,102,67,83,95,88,223,41,77,157,73,169,172,161,202,82,70,150,104,131,219,172,14,57,112,128,73,194,44,239,17,115,166,119,220,5,217,224,244,55,152,43,62,21,192,30,43,64,239,149,18,220,73,158,168,251,232,94,128,25,90,198,45,190,31,17,36,16,73,64,201,185,200,15,237,55,207,60,249,12,128,77,170,83,188,41,15,210,169,196,56,39,68,31,42,77,34,132,188,164,94,235,112,239,199,189,67,232,145,36,164,133,136,106,192,52,81,16,213,26,21,252,28,206,216,235,126,171,107,95,219,9,46,220,5,196,83,145,23,161,102,248,35,120,204,80,80,221,111,61,203,243,234,48,69,99,185,206,190,206,136,171,181,21,156,81,62,155,26,162,150,3
818.3636363636364,164,52,220,184,63,232,32,135,232,191,130,165,167,36,123,158,169,43,91,163,229,181,62,15,71,168,59,205,207,78,115,181,41,72,87,195,3,41,181,133,252,51,91,169,96,59,144,19,66,198,141,164,24,196,21,195,60,171,98,60,179,17,25,181,207,155,232,108,222,51,184,136,204,92,132,153,229,45,33,115,66,83,139,82,21,49,112,107,141,193,96,225,78,224,199,70,225,53,58,0,217,163,62,77,74,255,69,214,131,4,190,147,91,176,239,28,236,48,95,193,236,105,102,128,117,16,8,25,17,24,17,83,233,232,218,176,187,200,135,190,104,206,204,49,139,41,43,233,246,220,85,186,250,59,164,152,233,108,64,127,140,143,219,8,26,133,122,170,139,63,52,242,214,175,96,37,41,119,164,25,83,196,193,68,19,204,220,79,170,133,208,11,18,86,48,86,178,54,61,194
828.4545454545455,15,240,34,1,187,157,117,172,252,52,113,67,183,165,232,58,105,53,54,43,239,144,89,46,24,183,206,168,54,254,93,159,254,91,198,113,92,224,131,107,189,80,164,125,93,159,70,228,4,215,166,23,149,115,102,89,15,173,235,52,118,9,248,206,10,199,75,111,122,211,57,36,5,134,65,95,141,206,173,154,168,233,94,192,167,115,133,54,111,198,189,189,229,95,174,69,68,123,189,233,200,24,138,93,195,32,57,108,131,126,45,13,101,83,83,233,139,20,143,104,33,93,39,80,110,242,114,148,88,113,180,93,149,41,200,92,212,250,123,151,23,16,79,98,128,69,167,104,166,206,13,71,55,33,105,213,74,15,80,73,233,154,239,110,126,60,109,207,28,230,234,96,189,177,22,25,47,16,28,203,101,153,226,79,201,26,176,38,13,42,24,19,231,130,139,0,55,168,202,94
838.5454545454546,35,180,254,10,233,55,132,79,128,108,115,168,121,231,189,37,30,232,6,13,38,117,190,208,115,229,141,130,213,175,43,145,7,121,141,196,39,12,106,22,170,220,186,12,3,118,89,215,64,187,110,58,137,26,182,79,83,6,218,239,166,196,7,200,103,216,32,128,197,125,8,111,39,246,231,67,94,26,163,58,81,115,210,52,254,11,105,118,208,26,103,82,183,106,8,209,32,67,242,140,103,1,189,45,8,176,209,138,125,37,171,196,177,55,38,235,62,244,205,231,232,35,129,106,104,122,164,185,169,252,174,210,117,62,206,187,143,203,220,4,191,4,20,182,146,230,10,56,225,117,170,23,98,165,145,218,174,91,45,254,134,252,139,139,138,157,23,123,224,166,137,251,199,170,196,216,117,250,123,228,115,30,5,10,193,236,60,217,75,1,11,38,232,150,27,87,30,245,95,66
848.6363636363637,79,80,60,32,104,15,225,126,208,149,17,110,116,212,150,144,101,6,122,108,139,201,214,134,15,252,190,12,81,152,115,146,188,114,160,18,121,209,101,67,145,75,195,224,111,153,67,179,178,141,41,139,7,70,146,116,38,221,254,9,120,243,1,104,133,191,209,206,211,208,0,137,141,105,47,19,254,220,208,203,176,65,226,131,83,238,219,80,160,5,147,16,152,236,192,45,225,125,174,215,36,36,137,244,60,99,141,105,145,233,195,131,35,182,90,162,250,145,238,238,121,235,156,180,142,15,203,231,183,16,185,193,56,77,108,154,54,247,84,158,86,94,75,204,20,155,236,72,155,88,12,240,77,235,148,191,245,20,117,214,5,25,27,128,239,191,121,39,215,184,50,102,4,137,35,156,111,74,15,75,112,29,247,35,232,75,129,205,148,41,10,188,154,57,123,64,73,98,169,141
858.7272727272727,198,83,108,129,149,121,20,157,244,222,182,127,146,102,77,88,129,59,145,224,102,194,175,133,10,220,39,6,45,171,132,162,178,153,47,243,170,225,154,161,75,6,247,214,51,63,49,215,134,218,49,81,44,199,229,138,141,127,176,47,175,76,146,237,238,62,174,215,150,181,12,175,200,38,114,60,88,240,145,168,248,233,102,31,7,114,116,72,123,0,35,186,96,13,238,138,87,236,99,160,255,242,121,120,30,32,151,194,251,201,199,27,157,153,231,119,38,33,161,10,68,24,249,42,177,176,102,232,16,84,24,159,180,153,98,55,40,23,190,77,188,229,199,55,93,200,164,163,190,64,191,81,11,108,8,141,199,196,191,190,68,151,45,44,207,65,228,248,69,35,239,2,48,220,51,208,66,9,191,222,32,167,183,26,93,167,184,112,85,157,232,159,185,240,219,45,156,210,24,243
868.8181818181819,165,30,97,229,128,149,59,250,149,47,170,176,37,235,108,195,183,58,78,125,133,237,219,77,49,85,228,77,64,210,37,251,149,143,120,60,54,71,43,232,154,219,75,58,234,234,172,63,161,210,251,238,102,49,214,179,12,217,145,49,202,189,114,187,204,225,228,111,51,225,124,244,113,151,94,75,136,162,45,145,178,116,30,244,206,22,192,195,73,139,186,0,142,172,47,92,190,208,128,248,84,51,127,6,9,176,22,87,149,0,98,208,185,85,70,218,207,11,77,59,11,132,226,104,161,64,61,226,120,41,179,237,177,111,244,193,217,108,174,27,31,98,7,239,73,102,155,191,177,137,95,222,32,151,100,57,235,66,246,113,136,0,155,114,254,107,189,33,198,4,134,28,166,45,85,98,41,111,164,66,139,196,226,45,67,34,83,249,204,30,133,65,95,34,168,146,31,39,3,101
878.909090909091,184,103,84,41,174,145,13,12,238,187,159,183,113,110,140,27,20,128,43,64,42,91,229,165,226,84,103,235,186,53,134,70,221,27,126,79,37,106,104,129,40,123,83,138,169,175,52,143,26,176,10,38,146,144,30,9,98,191,178,237,215,23,44,150,114,247,125,183,151,22,164,255,56,74,1,126,47,244,96,12,105,87,249,11,182,220,46,202,119,244,19,99,85,200,64,120,206,42,231,204,186,176,74,173,116,59,109,237,22,79,203,149,222,121,143,77,83,49,84,148,193,37,74,65,80,38,218,68,206,23,99,125,118,248,242,235,168,216,153,133,55,150,67,192,249,105,247,181,203,147,115,36,219,83,231,43,214,54,157,240,190,109,177,107,46,126,65,107,61,67,132,161,59,205,147,215,225,105,236,167,232,16,147,96,119,248,205,6,137,8,1,238,97,40,118,138,172,190,3,227
889.0000000000001,95,152,43,45,27,71,20,223,207,22,100,52,170,204,153,7,50,70,119,42,43,178,210,77,185,16,226,190,20,23,66,81,219,248,122,193,147,166,145,177,240,181,251,239,25,242,131,100,224,95,26,154,231,224,14,182,197,128,164,142,129,149,194,182,74,35,38,60,70,108,47,237,182,3,154,96,107,31,103,27,136,195,74,52,232,177,99,168,39,8,195,73,212,180,194,61,158,83,193,91,103,22,167,32,193,73,227,165,215,36,50,87,29,194,251,239,77,27,54,240,225,243,176,103,195,53,194,26,46,124,95,154,235,222,162,150,228,76,168,230,111,0,104,82,41,250,30,47,123,150,110,50,197,183,161,91,21,120,193,26,121,254,124,100,61,111,224,132,23,134,105,142,165,76,66,177,137,39,40,68,162,178,123,82,130,110,134,198,176,76,163,118,230,46,65,217,254,182,149,157
899.0909090909091,248,201,64,8,58,55,43,190,211,132,76,54,186,90,142,24,23,8,124,126,205,93,244,199,221,164,232,182,213,63,134,182,238,181,228,162,68,182,93,125,1,196,167,147,85,4,240,202,108,78,12,87,50,228,97,126,147,59,116,12,215,22,124,245,74,44,144,169,87,93,60,174,255,157,189,211,147,85,149,51,188,16,114,4,118,42,143,57,188,178,144,114,10,20,151,225,254,210,95,199,123,210,186,136,172,188,194,55,53,117,75,101,176,255,63,79,160,99,233,24,104,174,38,12,200,37,26,205,119,191,73,127,129,127,17,203,228,230,88,96,178,25,229,140,93,6,91,61,180,191,179,8,213,89,164,20,93,137,152,133,180,107,72,78,92,90,49,161,213,52,218,254,238,231,102,16,193,42,192,205,70,245,158,237,49,226,143,224,211,73,246,122,24,157,108,25,78,234,169,124
909.1818181818182,191,222,140,61,12,50,62,8,83,58,40,137,31,212,136,245,232,172,178,227,153,254,53,135,193,52,84,234,251,205,103,91,92,155,6,19,141,45,246,174,116,91,45,146,94,193,6,255,67,208,126,147,250,183,83,5,172,51,162,39,103,240,25,226,104,69,246,2,39,85,158,196,136,2,240,48,55,22,196,72,237,157,190,149,107,121,108,36,246,85,252,235,11,77,72,61,129,215,107,196,76,215,11,186,177,107,11,39,205,158,48,32,81,90,45,246,53,209,25,199,49,120,53,248,50,143,162,54,158,173,178,113,16,130,243,5,244,82,217,65,70,253,184,27,38,178,110,214,242,69,18,100,226,150,39,145,204,49,3,198,1,225,117,228,248,197,82,90,131,0,25,145,241,30,47,74,182,13,18,131,95,109,58,60,122,126,103,157,248,58,7,158,38,253,48,142,5,173,14,141
919.2727272727274,144,243,1,65,164,10,233,77,61,165,86,78,25,202,212,21,55,209,159,116,26,112,183,199,199,172,155,142,254,233,192,231,35,82,70,168,222,165,246,87,148,127,221,127,118,25,3,210,27,239,94,168,44,113,83,121,183,184,203,225,244,15,152,203,143,90,104,0,56,200,182,188,203,18,111,93,98,207,14,64,170,202,45,207,220,232,19,142,17,18,174,222,212,233,93,53,236,90,151,75,3,207,243,98,25,242,112,29,114,44,7,197,184,48,2,76,247,35,79,123,73,188,58,173,16,108,165,49,184,111,138,131,204,72,146,236,91,102,25,69,21,144,24,6,218,92,251,141,31,179,56,14,177,146,154,21,116,191,11,92,193,168,204,168,66,2,1,32,247,146,45,193,45,217,134,201,244,255,55,208,240,219,39,161,187,137,166,149,24,208,99,126,30,62,208,61,104,168,149,111
929.3636363636365,55,193,135,171,159,238,68,89,10,28,101,253,62,70,162,217,12,165,252,61,175,91,63,211,52,250,0,230,242,100,112,8,53,195,241,56,174,254,82,253,56,181,205,84,4,162,142,95,138,85,17,253,207,122,161,11,87,97,244,76,87,16,110,185,65,134,54,77,179,37,204,254,95,93,54,245,110,223,85,125,54,230,115,79,218,130,196,253,146,97,145,210,212,103,196,196,165,108,88,114,144,246,42,31,69,139,125,232,41,186,237,183,165,44,255,97,162,160,151,9,6,56,3,76,36,154,34,99,2,81,226,133,37,144,231,47,164,190,97,38,104,225,150,66,173,123,61,212,152,106,254,100,177,26,215,4,241,175,84,89,116,76,137,246,87,34,103,131,202,75,218,216,166,239,25,156,45,221,73,17,106,57,41,3,211,98,56,165,37,59,203,218,108,104,61,78,58,97,202,23
939.4545454545455,163,85,224,133,20,166,59,101,142,37,71,82,93,177,251,116,242,31,8,47,73,58,242,106,87,158,20,46,82,194,227,6,44,236,196,132,179,64,188,173,82,206,83,119,162,168,209,241,222,94,216,32,136,104,118,194,192,137,141,178,12,30,126,140,27,25,238,81,243,124,32,136,250,67,2,64,21,138,148,211,162,155,149,238,9,59,83,171,35,106,144,61,59,152,118,180,206,126,68,83,53,26,159,118,244,93,164,85,87,80,113,33,147,181,97,107,193,20,167,240,183,98,50,30,9,149,132,57,173,154,105,212,12,115,166,175,156,229,87,54,206,70,110,119,246,237,223,55,6,131,254,201,227,97,51,189,54,247,152,219,61,126,103,174,11,9,162,253,181,146,61,66,106,73,124,67,171,230,201,211,192,74,7,244,167,147,27,223,214,181,37,129,14,175,153,8,101,242,188,194
949.5454545454546,103,192,92,126,75,3,40,139,80,139,3,29,248,221,254,213,235,115,84,254,12,147,22,165,220,48,119,28,200,237,153,63,3,40,33,194,194,248,173,81,100,106,180,212,176,86,59,62,192,113,15,34,173,18,156,170,13,24,188,100,113,169,132,186,108,199,168,103,17,180,74,180,237,47,41,144,219,43,108,221,17,136,76,26,51,56,46,52,157,178,250,4,138,21,174,243,41,240,63,181,250,150,79,124,192,33,18,226,215,34,245,145,74,79,61,74,10,129,252,108,133,159,132,255,111,141,246,194,157,76,59,102,129,208,210,60,114,122,28,113,119,86,160,218,91,32,169,102,42,10,175,224,228,193,49,73,100,38,11,101,233,114,177,186,80,87,184,11,101,109,216,182,15,149,87,48,177,245,123,73,209,165,164,184,15,77,117,131,253,106,68,11,117,108,55,75,171,175,40,117
959.6363636363637,225,42,200,27,23,12,22,210,102,39,203,41,226,199,17,204,157,3,244,80,147,43,44,173,223,37,119,51,39,255,197,43,15,233,102,94,226,220,205,230,44,143,173,195,120,100,246,233,165,58,51,217,168,139,16,3,83,155,182,18,237,22,180,70,49,165,78,137,11,44,143,81,231,65,8,139,200,46,31,157,179,212,72,195,113,108,126,50,208,244,184,143,48,126,233,215,73,249,127,86,142,4,193,186,53,204,57,225,217,218,111,39,167,146,174,71,42,22,20,199,224,163,107,179,93,117,241,147,203,225,4,192,45,9,47,48,209,59,211,103,164,62,197,29,1,9,201,22,114,73,244,216,81,74,0,224,197,241,98,49,79,155,40,133,250,141,214,214,228,4,216,190,236,67,207,36,219,254,4,158,105,198,121,51,211,109,179,64,192,141,197,114,214,69,1,10,223,187,228,19
969.7272727272727,221,7,50,254,128,55,45,197,14,71,111,62,96,99,221,67,39,226,250,127,230,90,75,50,214,35,69,182,149,199,207,134,54,95,225,227,168,127,61,67,50,168,52,61,128,251,170,84,182,88,148,231,84,80,212,39,11,26,132,88,85,101,12,180,102,204,190,38,40,6,248,119,116,118,222,217,126,194,70,167,209,222,149,117,63,3,99,112,119,131,85,224,56,212,173,170,208,67,92,227,245,167,241,90,66,66,254,149,110,115,50,46,197,44,172,65,40,148,141,114,27,100,85,15,32,197,3,130,238,53,66,245,249,57,0,50,233,173,169,110,36,36,139,95,254,138,105,200,43,175,142,75,127,57,212,201,101,139,170,230,197,111,5,55,157,107,39,10,5,234,178,204,246,98,94,102,248,212,1,239,186,226,3,108,110,129,16,241,251,3,211,57,2,57,28,86,236,112,181,38
979.8181818181819,5,174,137,235,53,207,93,79,241,78,131,69,138,0,39,246,56,183,193,201,110,98,246,27,11,148,141,30,154,57,8,59,98,198,227,67,223,216,115,150,8,28,188,82,105,178,235,72,237,119,183,216,162,194,180,192,87,206,242,47,162,209,17,202,115,77,63,6,75,155,98,157,234,67,226,21,28,187,89,229,136,3,239,235,195,167,241,176,124,39,138,145,64,49,137,132,223,14,210,36,182,167,50,166,38,221,81,41,105,40,214,107,206,146,197,77,130,46,200,59,217,19,211,108,59,11,191,233,13,98,184,181,33,24,76,143,41,205,96,122,214,8,2,194,220,45,115,118,54,5,14,133,114,106,241,252,224,126,4,179,141,118,61,101,234,180,161,43,26,104,97,61,209,238,237,246,74,231,12,212,232,127,164,169,208,102,10,122,205,62,215,24,117,207,61,157,115,248,161,189
989.909090909091,120,76,205,211,139,251,129,74,9,130,130,12,135,144,111,37,207,92,61,221,250,83,171,110,47,88,71,107,220,133,52,36,247,122,186,163,225,111,11,88,197,6,187,207,100,141,162,159,1,195,79,58,234,225,56,200,45,73,220,210,166,248,177,10,176,11,154,55,83,16,130,164,151,154,25,159,169,29,191,22,240,79,47,34,208,198,81,11,195,66,32,247,224,189,77,242,93,232,47,132,118,229,194,145,116,101,223,19,238,22,75,200,122,74,251,241,30,168,184,102,163,221,147,27,136,43,29,35,34,99,208,106,187,244,98,135,244,156,243,150,141,174,144,67,135,203,157,128,73,116,64,95,192,212,172,191,172,52,142,0,136,246,48,49,227,38,249,62,229,31,77,161,175,174,143,150,90,246,122,202,63,187,48,193,59,169,2,83,40,177,214,47,118,90,51,108,205,173,235,1
1000.0,195,71,106,160,84,124,125,98,50,41,19,248,223,247,239,81,200,68,135,131,219,106,150,26,22,241,43,165,212,203,11,194,133,157,179,49,138,206,39,142,169,19,12,221,48,208,116,119,176,156,58,95,75,161,97,46,127,118,1,91,92,15,0,150,17,225,63,252,182,172,164,206,214,226,185,226,233,170,93,4,66,13,145,125,88,135,202,235,125,163,138,66,152,101,13,41,165,207,99,19,182,141,150,97,227,190,35,5,2,158,210,180,200,248,213,250,112,31,103,42,105,201,58,53,80,189,198,191,245,3,82,141,232,74,217,180,227,49,94,36,202,180,161,14,87,229,145,34,217,148,221,61,120,113,181,216,128,223,67,77,104,220,92,227,202,188,146,57,155,66,105,58,216,230,109,127,202,168,51,43,140,196,141,207,201,101,243,213,187,76,59,208,52,42,173,12,58,182,184,104
